﻿<?xml version="1.0" encoding="utf-8"?>
<leg version="2021.0" xmlns:xsi="http://www.w3.org/2001/XMLSchema-instance" xsi:noNamespaceSchemaLocation="..\..\..\xsd_2021\leg.xsd">
	<legend title="errors_topic_gruppiert" name="errors_topic_gruppiert" ref_scale="20" display_order="20">
		<legendgroup title="Orte mit Fehlern" name="av_checkvis_error_point_orte_mit_fehlern" collapsed="true" visible="true">
			<uniquevaluelegendentry title="topics mit Fehlern" name="topics_mit_fehlern_pt_err" attributefield="topic" collapsed="true" displaymode="On" locatable="true" priority="2001" scaleindependent="true" scalerangemax="0" scalerangemin="0" displayexpression="[Src_Table] + &quot;: &quot; +  [ErrorID]" >
				<legendquerydata feature="av_checkvis_error_point" filter="((error_checked is null) or (error_checked = 0)) and category like 'error'"/>
				<uniquevalue title="FixpunkteKategorie1" fieldvalue="FixpunkteKategorie1" include="true">
					<legendpointstyle customstyle="av_checkvis_err_pt_fk1" stylelib="$(geonis_media)\av_checkvis\styles\av_checkvis.style"/>
				</uniquevalue>
				<uniquevalue title="FixpunkteKategorie2" fieldvalue="FixpunkteKategorie2" include="true">
					<legendpointstyle customstyle="av_checkvis_err_pt_fk2" stylelib="$(geonis_media)\av_checkvis\styles\av_checkvis.style"/>
				</uniquevalue>
				<uniquevalue title="FixpunkteKategorie3" fieldvalue="FixpunkteKategorie3" include="true">
					<legendpointstyle customstyle="av_checkvis_err_pt_fk3" stylelib="$(geonis_media)\av_checkvis\styles\av_checkvis.style"/>
				</uniquevalue>
				<uniquevalue title="Bodenbedeckung" fieldvalue="Bodenbedeckung" include="true">
					<legendpointstyle customstyle="av_checkvis_err_pt_bo" stylelib="$(geonis_media)\av_checkvis\styles\av_checkvis.style"/>
				</uniquevalue>
				<uniquevalue title="Einzelobjekte" fieldvalue="Einzelobjekte" include="true">
					<legendpointstyle customstyle="av_checkvis_err_pt_eo" stylelib="$(geonis_media)\av_checkvis\styles\av_checkvis.style"/>
				</uniquevalue>
				<uniquevalue title="Hoehen" fieldvalue="Hoehen" include="true">
					<legendpointstyle customstyle="av_checkvis_err_pt_ho" stylelib="$(geonis_media)\av_checkvis\styles\av_checkvis.style"/>
				</uniquevalue>
				<uniquevalue title="Nomenklatur" fieldvalue="Nomenklatur" include="true">
					<legendpointstyle customstyle="av_checkvis_err_pt_no" stylelib="$(geonis_media)\av_checkvis\styles\av_checkvis.style"/>
				</uniquevalue>
				<uniquevalue title="Liegenschaften" fieldvalue="Liegenschaften" include="true">
					<legendpointstyle customstyle="av_checkvis_err_pt_li" stylelib="$(geonis_media)\av_checkvis\styles\av_checkvis.style"/>
				</uniquevalue>
				<uniquevalue title="Rohrleitungen" fieldvalue="Rohrleitungen" include="true">
					<legendpointstyle customstyle="av_checkvis_err_pt_ro" stylelib="$(geonis_media)\av_checkvis\styles\av_checkvis.style"/>
				</uniquevalue>
				<uniquevalue title="Nummerierungsbereiche" fieldvalue="Nummerierungsbereiche" include="true">
					<legendpointstyle customstyle="av_checkvis_err_pt_nu" stylelib="$(geonis_media)\av_checkvis\styles\av_checkvis.style"/>
				</uniquevalue>
				<uniquevalue title="Gemeindegrenzen" fieldvalue="Gemeindegrenzen" include="true">
					<legendpointstyle customstyle="av_checkvis_err_pt_gem" stylelib="$(geonis_media)\av_checkvis\styles\av_checkvis.style"/>
				</uniquevalue>
				<uniquevalue title="Bezirksgrenzen" fieldvalue="Bezirksgrenzen" include="true">
					<legendpointstyle customstyle="av_checkvis_err_pt_be" stylelib="$(geonis_media)\av_checkvis\styles\av_checkvis.style"/>
				</uniquevalue>
				<uniquevalue title="Kantonsgrenzen" fieldvalue="Kantonsgrenzen" include="true">
					<legendpointstyle customstyle="av_checkvis_err_pt_kt" stylelib="$(geonis_media)\av_checkvis\styles\av_checkvis.style"/>
				</uniquevalue>
				<uniquevalue title="Landesgrenzen" fieldvalue="Landesgrenzen" include="true">
					<legendpointstyle customstyle="av_checkvis_err_pt_la" stylelib="$(geonis_media)\av_checkvis\styles\av_checkvis.style"/>
				</uniquevalue>
				<uniquevalue title="Planeinteilungen" fieldvalue="Planeinteilungen" include="true">
					<legendpointstyle customstyle="av_checkvis_err_pt_pla" stylelib="$(geonis_media)\av_checkvis\styles\av_checkvis.style"/>
				</uniquevalue>
				<uniquevalue title="TSEinteilung" fieldvalue="TSEinteilung" include="true">
					<legendpointstyle customstyle="av_checkvis_err_pt_ts" stylelib="$(geonis_media)\av_checkvis\styles\av_checkvis.style"/>
				</uniquevalue>
				<uniquevalue title="Rutschgebiete" fieldvalue="Rutschgebiete" include="true">
					<legendpointstyle customstyle="av_checkvis_err_pt_ru" stylelib="$(geonis_media)\av_checkvis\styles\av_checkvis.style"/>
				</uniquevalue>
				<uniquevalue title="PLZOrtschaft" fieldvalue="PLZOrtschaft" include="true">
					<legendpointstyle customstyle="av_checkvis_err_pt_plz" stylelib="$(geonis_media)\av_checkvis\styles\av_checkvis.style"/>
				</uniquevalue>
				<uniquevalue title="Gebaeudeadressen" fieldvalue="Gebaeudeadressen" include="true">
					<legendpointstyle customstyle="av_checkvis_err_pt_geb" stylelib="$(geonis_media)\av_checkvis\styles\av_checkvis.style"/>
				</uniquevalue>
				<uniquevalue title="Planrahmen" fieldvalue="Planrahmen" include="true">
					<legendpointstyle customstyle="av_checkvis_err_pt_plr" stylelib="$(geonis_media)\av_checkvis\styles\av_checkvis.style"/>
				</uniquevalue>
			</uniquevaluelegendentry>
		</legendgroup>
		
		<legendgroup title="Linien mit Fehlern" name="av_checkvis_error_polyline_linien_mit_fehlern" collapsed="true" visible="true">
			<uniquevaluelegendentry title="topics mit Fehlern" name="topics_mit_fehlern_line_err" attributefield="topic" collapsed="true" displaymode="On" locatable="true" priority="2001" scaleindependent="true" scalerangemax="0" scalerangemin="0" displayexpression="[Src_Table] + &quot;: &quot; +  [ErrorID]" >
				<legendquerydata feature="av_checkvis_error_polyline" filter="((error_checked is null) or (error_checked = 0)) and category like 'error'"/>
				<uniquevalue title="FixpunkteKategorie1" fieldvalue="FixpunkteKategorie1" include="true">
					<legendpointstyle customstyle="av_checkvis_err_line_fk1" stylelib="$(geonis_media)\av_checkvis\styles\av_checkvis.style"/>
				</uniquevalue>
				<uniquevalue title="FixpunkteKategorie2" fieldvalue="FixpunkteKategorie2" include="true">
					<legendpointstyle customstyle="av_checkvis_err_line_fk2" stylelib="$(geonis_media)\av_checkvis\styles\av_checkvis.style"/>
				</uniquevalue>
				<uniquevalue title="FixpunkteKategorie3" fieldvalue="FixpunkteKategorie3" include="true">
					<legendpointstyle customstyle="av_checkvis_err_line_fk3" stylelib="$(geonis_media)\av_checkvis\styles\av_checkvis.style"/>
				</uniquevalue>
				<uniquevalue title="Bodenbedeckung" fieldvalue="Bodenbedeckung" include="true">
					<legendpointstyle customstyle="av_checkvis_err_line_bo" stylelib="$(geonis_media)\av_checkvis\styles\av_checkvis.style"/>
				</uniquevalue>
				<uniquevalue title="Einzelobjekte" fieldvalue="Einzelobjekte" include="true">
					<legendpointstyle customstyle="av_checkvis_err_line_eo" stylelib="$(geonis_media)\av_checkvis\styles\av_checkvis.style"/>
				</uniquevalue>
				<uniquevalue title="Hoehen" fieldvalue="Hoehen" include="true">
					<legendpointstyle customstyle="av_checkvis_err_line_ho" stylelib="$(geonis_media)\av_checkvis\styles\av_checkvis.style"/>
				</uniquevalue>
				<uniquevalue title="Nomenklatur" fieldvalue="Nomenklatur" include="true">
					<legendpointstyle customstyle="av_checkvis_err_line_no" stylelib="$(geonis_media)\av_checkvis\styles\av_checkvis.style"/>
				</uniquevalue>
				<uniquevalue title="Liegenschaften" fieldvalue="Liegenschaften" include="true">
					<legendpointstyle customstyle="av_checkvis_err_line_li" stylelib="$(geonis_media)\av_checkvis\styles\av_checkvis.style"/>
				</uniquevalue>
				<uniquevalue title="Rohrleitungen" fieldvalue="Rohrleitungen" include="true">
					<legendpointstyle customstyle="av_checkvis_err_line_ro" stylelib="$(geonis_media)\av_checkvis\styles\av_checkvis.style"/>
				</uniquevalue>
				<uniquevalue title="Nummerierungsbereiche" fieldvalue="Nummerierungsbereiche" include="true">
					<legendpointstyle customstyle="av_checkvis_err_line_nu" stylelib="$(geonis_media)\av_checkvis\styles\av_checkvis.style"/>
				</uniquevalue>
				<uniquevalue title="Gemeindegrenzen" fieldvalue="Gemeindegrenzen" include="true">
					<legendpointstyle customstyle="av_checkvis_err_line_gem" stylelib="$(geonis_media)\av_checkvis\styles\av_checkvis.style"/>
				</uniquevalue>
				<uniquevalue title="Bezirksgrenzen" fieldvalue="Bezirksgrenzen" include="true">
					<legendpointstyle customstyle="av_checkvis_err_line_be" stylelib="$(geonis_media)\av_checkvis\styles\av_checkvis.style"/>
				</uniquevalue>
				<uniquevalue title="Kantonsgrenzen" fieldvalue="Kantonsgrenzen" include="true">
					<legendpointstyle customstyle="av_checkvis_err_line_kt" stylelib="$(geonis_media)\av_checkvis\styles\av_checkvis.style"/>
				</uniquevalue>
				<uniquevalue title="Landesgrenzen" fieldvalue="Landesgrenzen" include="true">
					<legendpointstyle customstyle="av_checkvis_err_line_la" stylelib="$(geonis_media)\av_checkvis\styles\av_checkvis.style"/>
				</uniquevalue>
				<uniquevalue title="Planeinteilungen" fieldvalue="Planeinteilungen" include="true">
					<legendpointstyle customstyle="av_checkvis_err_line_pla" stylelib="$(geonis_media)\av_checkvis\styles\av_checkvis.style"/>
				</uniquevalue>
				<uniquevalue title="TSEinteilung" fieldvalue="TSEinteilung" include="true">
					<legendpointstyle customstyle="av_checkvis_err_line_ts" stylelib="$(geonis_media)\av_checkvis\styles\av_checkvis.style"/>
				</uniquevalue>
				<uniquevalue title="Rutschgebiete" fieldvalue="Rutschgebiete" include="true">
					<legendpointstyle customstyle="av_checkvis_err_line_ru" stylelib="$(geonis_media)\av_checkvis\styles\av_checkvis.style"/>
				</uniquevalue>
				<uniquevalue title="PLZOrtschaft" fieldvalue="PLZOrtschaft" include="true">
					<legendpointstyle customstyle="av_checkvis_err_line_plz" stylelib="$(geonis_media)\av_checkvis\styles\av_checkvis.style"/>
				</uniquevalue>
				<uniquevalue title="Gebaeudeadressen" fieldvalue="Gebaeudeadressen" include="true">
					<legendpointstyle customstyle="av_checkvis_err_line_geb" stylelib="$(geonis_media)\av_checkvis\styles\av_checkvis.style"/>
				</uniquevalue>
				<uniquevalue title="Planrahmen" fieldvalue="Planrahmen" include="true">
					<legendpointstyle customstyle="av_checkvis_err_line_plr" stylelib="$(geonis_media)\av_checkvis\styles\av_checkvis.style"/>
				</uniquevalue>
			</uniquevaluelegendentry>
		</legendgroup>
		
		<legendgroup title="Flächen mit Fehlern" name="av_checkvis_error_polygon_fla_mit_fehlern" collapsed="true" visible="true">
			<uniquevaluelegendentry title="topics mit Fehlern" name="topics_mit_fehlern_fla_err" attributefield="topic" collapsed="true" displaymode="On" locatable="true" priority="2001" scaleindependent="true" scalerangemax="0" scalerangemin="0" displayexpression="[Src_Table] + &quot;: &quot; +  [ErrorID]" >
				<legendquerydata feature="av_checkvis_error_polygon" filter="((error_checked is null) or (error_checked = 0)) and category like 'error'"/>
				<uniquevalue title="FixpunkteKategorie1" fieldvalue="FixpunkteKategorie1" include="true">
					<legendpointstyle customstyle="av_checkvis_err_fla_fk1" stylelib="$(geonis_media)\av_checkvis\styles\av_checkvis.style"/>
				</uniquevalue>
				<uniquevalue title="FixpunkteKategorie2" fieldvalue="FixpunkteKategorie2" include="true">
					<legendpointstyle customstyle="av_checkvis_err_fla_fk2" stylelib="$(geonis_media)\av_checkvis\styles\av_checkvis.style"/>
				</uniquevalue>
				<uniquevalue title="FixpunkteKategorie3" fieldvalue="FixpunkteKategorie3" include="true">
					<legendpointstyle customstyle="av_checkvis_err_fla_fk3" stylelib="$(geonis_media)\av_checkvis\styles\av_checkvis.style"/>
				</uniquevalue>
				<uniquevalue title="Bodenbedeckung" fieldvalue="Bodenbedeckung" include="true">
					<legendpointstyle customstyle="av_checkvis_err_fla_bo" stylelib="$(geonis_media)\av_checkvis\styles\av_checkvis.style"/>
				</uniquevalue>
				<uniquevalue title="Einzelobjekte" fieldvalue="Einzelobjekte" include="true">
					<legendpointstyle customstyle="av_checkvis_err_fla_eo" stylelib="$(geonis_media)\av_checkvis\styles\av_checkvis.style"/>
				</uniquevalue>
				<uniquevalue title="Hoehen" fieldvalue="Hoehen" include="true">
					<legendpointstyle customstyle="av_checkvis_err_fla_ho" stylelib="$(geonis_media)\av_checkvis\styles\av_checkvis.style"/>
				</uniquevalue>
				<uniquevalue title="Nomenklatur" fieldvalue="Nomenklatur" include="true">
					<legendpointstyle customstyle="av_checkvis_err_fla_no" stylelib="$(geonis_media)\av_checkvis\styles\av_checkvis.style"/>
				</uniquevalue>
				<uniquevalue title="Liegenschaften" fieldvalue="Liegenschaften" include="true">
					<legendpointstyle customstyle="av_checkvis_err_fla_li" stylelib="$(geonis_media)\av_checkvis\styles\av_checkvis.style"/>
				</uniquevalue>
				<uniquevalue title="Rohrleitungen" fieldvalue="Rohrleitungen" include="true">
					<legendpointstyle customstyle="av_checkvis_err_fla_ro" stylelib="$(geonis_media)\av_checkvis\styles\av_checkvis.style"/>
				</uniquevalue>
				<uniquevalue title="Nummerierungsbereiche" fieldvalue="Nummerierungsbereiche" include="true">
					<legendpointstyle customstyle="av_checkvis_err_fla_nu" stylelib="$(geonis_media)\av_checkvis\styles\av_checkvis.style"/>
				</uniquevalue>
				<uniquevalue title="Gemeindegrenzen" fieldvalue="Gemeindegrenzen" include="true">
					<legendpointstyle customstyle="av_checkvis_err_fla_gem" stylelib="$(geonis_media)\av_checkvis\styles\av_checkvis.style"/>
				</uniquevalue>
				<uniquevalue title="Bezirksgrenzen" fieldvalue="Bezirksgrenzen" include="true">
					<legendpointstyle customstyle="av_checkvis_err_fla_be" stylelib="$(geonis_media)\av_checkvis\styles\av_checkvis.style"/>
				</uniquevalue>
				<uniquevalue title="Kantonsgrenzen" fieldvalue="Kantonsgrenzen" include="true">
					<legendpointstyle customstyle="av_checkvis_err_fla_kt" stylelib="$(geonis_media)\av_checkvis\styles\av_checkvis.style"/>
				</uniquevalue>
				<uniquevalue title="Landesgrenzen" fieldvalue="Landesgrenzen" include="true">
					<legendpointstyle customstyle="av_checkvis_err_fla_la" stylelib="$(geonis_media)\av_checkvis\styles\av_checkvis.style"/>
				</uniquevalue>
				<uniquevalue title="Planeinteilungen" fieldvalue="Planeinteilungen" include="true">
					<legendpointstyle customstyle="av_checkvis_err_fla_pla" stylelib="$(geonis_media)\av_checkvis\styles\av_checkvis.style"/>
				</uniquevalue>
				<uniquevalue title="TSEinteilung" fieldvalue="TSEinteilung" include="true">
					<legendpointstyle customstyle="av_checkvis_err_fla_ts" stylelib="$(geonis_media)\av_checkvis\styles\av_checkvis.style"/>
				</uniquevalue>
				<uniquevalue title="Rutschgebiete" fieldvalue="Rutschgebiete" include="true">
					<legendpointstyle customstyle="av_checkvis_err_fla_ru" stylelib="$(geonis_media)\av_checkvis\styles\av_checkvis.style"/>
				</uniquevalue>
				<uniquevalue title="PLZOrtschaft" fieldvalue="PLZOrtschaft" include="true">
					<legendpointstyle customstyle="av_checkvis_err_fla_plz" stylelib="$(geonis_media)\av_checkvis\styles\av_checkvis.style"/>
				</uniquevalue>
				<uniquevalue title="Gebaeudeadressen" fieldvalue="Gebaeudeadressen" include="true">
					<legendpointstyle customstyle="av_checkvis_err_fla_geb" stylelib="$(geonis_media)\av_checkvis\styles\av_checkvis.style"/>
				</uniquevalue>
				<uniquevalue title="Planrahmen" fieldvalue="Planrahmen" include="true">
					<legendpointstyle customstyle="av_checkvis_err_fla_plr" stylelib="$(geonis_media)\av_checkvis\styles\av_checkvis.style"/>
				</uniquevalue>
			</uniquevaluelegendentry>
		</legendgroup>
		
		<simpletable table="av_checkvis_error_no_geom" title="Alle Informationen aus dem Error ITF ohne Geometrie"/>
		
	</legend>
</leg>
