﻿<?xml version="1.0" encoding="utf-8"?>
<leg version="2021.0" xmlns:xsi="http://www.w3.org/2001/XMLSchema-instance" xsi:noNamespaceSchemaLocation="..\..\..\xsd_2021\leg.xsd">
	<legend title="Kantonsgrenzen" name="Kantonsgrenzen_warn_err" ref_scale="20" display_order="20">
		<legendgroup title="Orte mit Warnungen (Kantonsgrenzen)" name="av_checkvis_error_point_Kantonsgrenzen_pt_warn" collapsed="true" visible="true">
			<uniquevaluelegendentry title="Kantonsgrenzen" name="Kantonsgrenzen_pt_warn" attributefield="category" collapsed="true" displaymode="On" locatable="true" priority="2001" scaleindependent="true" scalerangemax="0" scalerangemin="0"  >
				<legendquerydata feature="av_checkvis_error_point" filter="((error_checked is null) or (error_checked = 0)) and category like 'warning' and topic like 'Kantonsgrenzen'"/>
				<uniquevalue title="Warnung" fieldvalue="warning" include="true">
					<legendpointstyle customstyle="av_checkvis_warn_pt" stylelib="$(geonis_media)\av_checkvis\styles\av_checkvis.style"/>
				</uniquevalue>
			</uniquevaluelegendentry>
		</legendgroup>
		
		<legendgroup title="Orte mit Fehlern (Kantonsgrenzen)" name="av_checkvis_error_point_Kantonsgrenzen_pt_err" collapsed="true" visible="true">
			<uniquevaluelegendentry title="Kantonsgrenzen" name="Kantonsgrenzen_pt_err" attributefield="category" collapsed="true" displaymode="On" locatable="true" priority="2001" scaleindependent="true" scalerangemax="0" scalerangemin="0"  >
				<legendquerydata feature="av_checkvis_error_point" filter="((error_checked is null) or (error_checked = 0)) and category like 'error' and topic like 'Kantonsgrenzen'"/>
				<uniquevalue title="Error" fieldvalue="error" include="true">
					<legendlinearstyle customstyle="av_checkvis_err_pt" stylelib="$(geonis_media)\av_checkvis\styles\av_checkvis.style"/>
				</uniquevalue>
			</uniquevaluelegendentry>
		</legendgroup>
		
		<legendgroup title="Linien mit Warnungen (Kantonsgrenzen)" name="av_checkvis_error_polyline_Kantonsgrenzen_line_warn" collapsed="true" visible="true">
			<uniquevaluelegendentry title="Kantonsgrenzen" name="Kantonsgrenzen_line_warn" attributefield="category" collapsed="true" displaymode="On" locatable="true" priority="2001" scaleindependent="true" scalerangemax="0" scalerangemin="0"  >
				<legendquerydata feature="av_checkvis_error_polyline" filter="((error_checked is null) or (error_checked = 0)) and category like 'warning' and topic like 'Kantonsgrenzen'"/>
				<uniquevalue title="Warnung" fieldvalue="warning" include="true">
					<legendpointstyle customstyle="av_checkvis_warn_pt" stylelib="$(geonis_media)\av_checkvis\styles\av_checkvis.style"/>
				</uniquevalue>
			</uniquevaluelegendentry>
		</legendgroup>
		
		<legendgroup title="Linien mit Fehlern (Kantonsgrenzen)" name="av_checkvis_error_polyline_Kantonsgrenzen_line_err" collapsed="true" visible="true">
			<uniquevaluelegendentry title="Kantonsgrenzen" name="Kantonsgrenzen_line_err" attributefield="category" collapsed="true" displaymode="On" locatable="true" priority="2001" scaleindependent="true" scalerangemax="0" scalerangemin="0"  >
				<legendquerydata feature="av_checkvis_error_polyline" filter="((error_checked is null) or (error_checked = 0)) and category like 'error' and topic like 'Kantonsgrenzen'"/>
				<uniquevalue title="Error" fieldvalue="error" include="true">
					<legendlinearstyle customstyle="av_checkvis_err_line" stylelib="$(geonis_media)\av_checkvis\styles\av_checkvis.style"/>
				</uniquevalue>
			</uniquevaluelegendentry>
		</legendgroup>
		
		<legendgroup title="Flächen mit Warnungen (Kantonsgrenzen)" name="av_checkvis_error_polygon_Kantonsgrenzen_fla_warn" collapsed="true" visible="true">
			<uniquevaluelegendentry title="Kantonsgrenzen" name="Kantonsgrenzen_fla_warn" attributefield="category" collapsed="true" displaymode="On" locatable="true" priority="2001" scaleindependent="true" scalerangemax="0" scalerangemin="0"  >
				<legendquerydata feature="av_checkvis_error_polygon" filter="((error_checked is null) or (error_checked = 0)) and category like 'warning' and topic like 'Kantonsgrenzen'"/>
				<uniquevalue title="Warnung" fieldvalue="warning" include="true">
					<legendareastyle customstyle="av_checkvis_warn_fla" stylelib="$(geonis_media)\av_checkvis\styles\av_checkvis.style"/>
				</uniquevalue>
			</uniquevaluelegendentry>
		</legendgroup>
		
		<legendgroup title="Flächen mit Fehlern (Kantonsgrenzen)" name="av_checkvis_error_polygon_Kantonsgrenzen_fla_err" collapsed="true" visible="true">
			<uniquevaluelegendentry title="Kantonsgrenzen" name="Kantonsgrenzen_fla_err" attributefield="category" collapsed="true" displaymode="On" locatable="true" priority="2001" scaleindependent="true" scalerangemax="0" scalerangemin="0"  >
				<legendquerydata feature="av_checkvis_error_polygon" filter="((error_checked is null) or (error_checked = 0)) and category like 'error' and topic like 'Kantonsgrenzen'"/>
				<uniquevalue title="Error" fieldvalue="error" include="true">
					<legendareastyle customstyle="av_checkvis_err_fla" stylelib="$(geonis_media)\av_checkvis\styles\av_checkvis.style"/>
				</uniquevalue>
			</uniquevaluelegendentry>
		</legendgroup>
		
		<simpletable table="av_checkvis_error_no_geom" title="Alle Informationen aus dem Error ITF ohne Geometrie"/>
		
	</legend>
</leg>
