﻿<?xml version="1.0" encoding="utf-8"?>
<leg version="2021.0" xmlns:xsi="http://www.w3.org/2001/XMLSchema-instance" xsi:noNamespaceSchemaLocation="..\..\..\xsd_2021\leg.xsd">
	<legend title="av_checkvis_all_warn_err" name="av_checkvis_all_warn_err" ref_scale="20" display_order="20">
		<legendgroup title="av_checkvis_error_point" name="av_checkvis_error_point" collapsed="true" visible="true">
			<uniquevaluelegendentry title="FixpunkteKategorie1" name="FixpunkteKategorie1_pt" attributefield="category" collapsed="true" displaymode="On" locatable="true" priority="2001" scaleindependent="true" scalerangemax="0" scalerangemin="0"  >
				<legendquerydata feature="av_checkvis_error_point" filter="((error_checked is null) or (error_checked = 0)) and topic like 'FixpunkteKategorie1'"/>
				<uniquevalue title="Warnung" fieldvalue="warning" include="true">
					<legendpointstyle customstyle="av_checkvis_warn_pt" stylelib="$(geonis_media)\av_checkvis\styles\av_checkvis.style"/>
				</uniquevalue>
				<uniquevalue title="Error" fieldvalue="error" include="true">
					<legendpointstyle customstyle="av_checkvis_err_pt" stylelib="$(geonis_media)\av_checkvis\styles\av_checkvis.style"/>
				</uniquevalue>
			</uniquevaluelegendentry>
			<uniquevaluelegendentry title="FixpunkteKategorie2" name="FixpunkteKategorie2_pt" attributefield="category" collapsed="true" displaymode="On" locatable="true" priority="2001" scaleindependent="true" scalerangemax="0" scalerangemin="0" >
				<legendquerydata feature="av_checkvis_error_point" filter="((error_checked is null) or (error_checked = 0)) and topic like 'FixpunkteKategorie2'"/>
				<uniquevalue title="Warnung" fieldvalue="warning" include="true">
					<legendpointstyle customstyle="av_checkvis_warn_pt" stylelib="$(geonis_media)\av_checkvis\styles\av_checkvis.style"/>
				</uniquevalue>
				<uniquevalue title="Error" fieldvalue="error" include="true">
					<legendpointstyle customstyle="av_checkvis_err_pt" stylelib="$(geonis_media)\av_checkvis\styles\av_checkvis.style"/>
				</uniquevalue>
			</uniquevaluelegendentry>
			<uniquevaluelegendentry title="FixpunkteKategorie3" name="FixpunkteKategorie3_pt" attributefield="category" collapsed="true" displaymode="On" locatable="true" priority="2001" scaleindependent="true" scalerangemax="0" scalerangemin="0" >
				<legendquerydata feature="av_checkvis_error_point" filter="((error_checked is null) or (error_checked = 0)) and topic like 'FixpunkteKategorie3'"/>
				<uniquevalue title="Warnung" fieldvalue="warning" include="true">
					<legendpointstyle customstyle="av_checkvis_warn_pt" stylelib="$(geonis_media)\av_checkvis\styles\av_checkvis.style"/>
				</uniquevalue>
				<uniquevalue title="Error" fieldvalue="error" include="true">
					<legendpointstyle customstyle="av_checkvis_err_pt" stylelib="$(geonis_media)\av_checkvis\styles\av_checkvis.style"/>
				</uniquevalue>
			</uniquevaluelegendentry>
			<uniquevaluelegendentry title="Bodenbedeckung" name="Bodenbedeckung_pt" attributefield="category" collapsed="true" displaymode="On" locatable="true" priority="2001" scaleindependent="true" scalerangemax="0" scalerangemin="0" >
				<legendquerydata feature="av_checkvis_error_point" filter="((error_checked is null) or (error_checked = 0)) and topic like 'Bodenbedeckung'"/>
				<uniquevalue title="Warnung" fieldvalue="warning" include="true">
					<legendpointstyle customstyle="av_checkvis_warn_pt" stylelib="$(geonis_media)\av_checkvis\styles\av_checkvis.style"/>
				</uniquevalue>
				<uniquevalue title="Error" fieldvalue="error" include="true">
					<legendpointstyle customstyle="av_checkvis_err_pt" stylelib="$(geonis_media)\av_checkvis\styles\av_checkvis.style"/>
				</uniquevalue>
			</uniquevaluelegendentry>
			<uniquevaluelegendentry title="Einzelobjekte" name="Einzelobjekte_pt" attributefield="category" collapsed="true" displaymode="On" locatable="true" priority="2001" scaleindependent="true" scalerangemax="0" scalerangemin="0" >
				<legendquerydata feature="av_checkvis_error_point" filter="((error_checked is null) or (error_checked = 0)) and topic like 'Einzelobjekte'"/>
				<uniquevalue title="Warnung" fieldvalue="warning" include="true">
					<legendpointstyle customstyle="av_checkvis_warn_pt" stylelib="$(geonis_media)\av_checkvis\styles\av_checkvis.style"/>
				</uniquevalue>
				<uniquevalue title="Error" fieldvalue="error" include="true">
					<legendpointstyle customstyle="av_checkvis_err_pt" stylelib="$(geonis_media)\av_checkvis\styles\av_checkvis.style"/>
				</uniquevalue>
			</uniquevaluelegendentry>
			<uniquevaluelegendentry title="Hoehen" name="Hoehen_pt" attributefield="category" collapsed="true" displaymode="On" locatable="true" priority="2001" scaleindependent="true" scalerangemax="0" scalerangemin="0" >
				<legendquerydata feature="av_checkvis_error_point" filter="((error_checked is null) or (error_checked = 0)) and topic like 'Hoehen'"/>
				<uniquevalue title="Warnung" fieldvalue="warning" include="true">
					<legendpointstyle customstyle="av_checkvis_warn_pt" stylelib="$(geonis_media)\av_checkvis\styles\av_checkvis.style"/>
				</uniquevalue>
				<uniquevalue title="Error" fieldvalue="error" include="true">
					<legendpointstyle customstyle="av_checkvis_err_pt" stylelib="$(geonis_media)\av_checkvis\styles\av_checkvis.style"/>
				</uniquevalue>
			</uniquevaluelegendentry>
			<uniquevaluelegendentry title="Nomenklatur" name="Nomenklatur_pt" attributefield="category" collapsed="true" displaymode="On" locatable="true" priority="2001" scaleindependent="true" scalerangemax="0" scalerangemin="0" >
				<legendquerydata feature="av_checkvis_error_point" filter="((error_checked is null) or (error_checked = 0)) and topic like 'Nomenklatur'"/>
				<uniquevalue title="Warnung" fieldvalue="warning" include="true">
					<legendpointstyle customstyle="av_checkvis_warn_pt" stylelib="$(geonis_media)\av_checkvis\styles\av_checkvis.style"/>
				</uniquevalue>
				<uniquevalue title="Error" fieldvalue="error" include="true">
					<legendpointstyle customstyle="av_checkvis_err_pt" stylelib="$(geonis_media)\av_checkvis\styles\av_checkvis.style"/>
				</uniquevalue>
			</uniquevaluelegendentry>
			<uniquevaluelegendentry title="Liegenschaften" name="Liegenschaften_pt" attributefield="category" collapsed="true" displaymode="On" locatable="true" priority="2001" scaleindependent="true" scalerangemax="0" scalerangemin="0" >
				<legendquerydata feature="av_checkvis_error_point" filter="((error_checked is null) or (error_checked = 0)) and topic like 'Liegenschaften'"/>
				<uniquevalue title="Warnung" fieldvalue="warning" include="true">
					<legendpointstyle customstyle="av_checkvis_warn_pt" stylelib="$(geonis_media)\av_checkvis\styles\av_checkvis.style"/>
				</uniquevalue>
				<uniquevalue title="Error" fieldvalue="error" include="true">
					<legendpointstyle customstyle="av_checkvis_err_pt" stylelib="$(geonis_media)\av_checkvis\styles\av_checkvis.style"/>
				</uniquevalue>
			</uniquevaluelegendentry>
			<uniquevaluelegendentry title="Rohrleitungen" name="Rohrleitungen_pt" attributefield="category" collapsed="true" displaymode="On" locatable="true" priority="2001" scaleindependent="true" scalerangemax="0" scalerangemin="0" >
				<legendquerydata feature="av_checkvis_error_point" filter="((error_checked is null) or (error_checked = 0)) and topic like 'Rohrleitungen'"/>
				<uniquevalue title="Warnung" fieldvalue="warning" include="true">
					<legendpointstyle customstyle="av_checkvis_warn_pt" stylelib="$(geonis_media)\av_checkvis\styles\av_checkvis.style"/>
				</uniquevalue>
				<uniquevalue title="Error" fieldvalue="error" include="true">
					<legendpointstyle customstyle="av_checkvis_err_pt" stylelib="$(geonis_media)\av_checkvis\styles\av_checkvis.style"/>
				</uniquevalue>
			</uniquevaluelegendentry>
			<uniquevaluelegendentry title="Nummerierungsbereiche" name="Nummerierungsbereiche_pt" attributefield="category" collapsed="true" displaymode="On" locatable="true" priority="2001" scaleindependent="true" scalerangemax="0" scalerangemin="0" >
				<legendquerydata feature="av_checkvis_error_point" filter="((error_checked is null) or (error_checked = 0)) and topic like 'Nummerierungsbereiche'"/>
				<uniquevalue title="Warnung" fieldvalue="warning" include="true">
					<legendpointstyle customstyle="av_checkvis_warn_pt" stylelib="$(geonis_media)\av_checkvis\styles\av_checkvis.style"/>
				</uniquevalue>
				<uniquevalue title="Error" fieldvalue="error" include="true">
					<legendpointstyle customstyle="av_checkvis_err_pt" stylelib="$(geonis_media)\av_checkvis\styles\av_checkvis.style"/>
				</uniquevalue>
			</uniquevaluelegendentry>
			<uniquevaluelegendentry title="Gemeindegrenzen" name="Gemeindegrenzen_pt" attributefield="category" collapsed="true" displaymode="On" locatable="true" priority="2001" scaleindependent="true" scalerangemax="0" scalerangemin="0" >
				<legendquerydata feature="av_checkvis_error_point" filter="((error_checked is null) or (error_checked = 0)) and topic like 'Gemeindegrenzen'"/>
				<uniquevalue title="Warnung" fieldvalue="warning" include="true">
					<legendpointstyle customstyle="av_checkvis_warn_pt" stylelib="$(geonis_media)\av_checkvis\styles\av_checkvis.style"/>
				</uniquevalue>
				<uniquevalue title="Error" fieldvalue="error" include="true">
					<legendpointstyle customstyle="av_checkvis_err_pt" stylelib="$(geonis_media)\av_checkvis\styles\av_checkvis.style"/>
				</uniquevalue>
			</uniquevaluelegendentry>
			<uniquevaluelegendentry title="Bezirksgrenzen" name="Bezirksgrenzen_pt" attributefield="category" collapsed="true" displaymode="On" locatable="true" priority="2001" scaleindependent="true" scalerangemax="0" scalerangemin="0" >
				<legendquerydata feature="av_checkvis_error_point" filter="((error_checked is null) or (error_checked = 0)) and topic like 'Bezirksgrenzen'"/>
				<uniquevalue title="Warnung" fieldvalue="warning" include="true">
					<legendpointstyle customstyle="av_checkvis_warn_pt" stylelib="$(geonis_media)\av_checkvis\styles\av_checkvis.style"/>
				</uniquevalue>
				<uniquevalue title="Error" fieldvalue="error" include="true">
					<legendpointstyle customstyle="av_checkvis_err_pt" stylelib="$(geonis_media)\av_checkvis\styles\av_checkvis.style"/>
				</uniquevalue>
			</uniquevaluelegendentry>
			<uniquevaluelegendentry title="Kantonsgrenzen" name="Kantonsgrenzen_pt" attributefield="category" collapsed="true" displaymode="On" locatable="true" priority="2001" scaleindependent="true" scalerangemax="0" scalerangemin="0" >
				<legendquerydata feature="av_checkvis_error_point" filter="((error_checked is null) or (error_checked = 0)) and topic like 'Kantonsgrenzen'"/>
				<uniquevalue title="Warnung" fieldvalue="warning" include="true">
					<legendpointstyle customstyle="av_checkvis_warn_pt" stylelib="$(geonis_media)\av_checkvis\styles\av_checkvis.style"/>
				</uniquevalue>
				<uniquevalue title="Error" fieldvalue="error" include="true">
					<legendpointstyle customstyle="av_checkvis_err_pt" stylelib="$(geonis_media)\av_checkvis\styles\av_checkvis.style"/>
				</uniquevalue>
			</uniquevaluelegendentry>
			<uniquevaluelegendentry title="Landesgrenzen" name="Landesgrenzen_pt" attributefield="category" collapsed="true" displaymode="On" locatable="true" priority="2001" scaleindependent="true" scalerangemax="0" scalerangemin="0" >
				<legendquerydata feature="av_checkvis_error_point" filter="((error_checked is null) or (error_checked = 0)) and topic like 'Landesgrenzen'"/>
				<uniquevalue title="Warnung" fieldvalue="warning" include="true">
					<legendpointstyle customstyle="av_checkvis_warn_pt" stylelib="$(geonis_media)\av_checkvis\styles\av_checkvis.style"/>
				</uniquevalue>
				<uniquevalue title="Error" fieldvalue="error" include="true">
					<legendpointstyle customstyle="av_checkvis_err_pt" stylelib="$(geonis_media)\av_checkvis\styles\av_checkvis.style"/>
				</uniquevalue>
			</uniquevaluelegendentry>
			<uniquevaluelegendentry title="Planeinteilungen" name="Planeinteilungen_pt" attributefield="category" collapsed="true" displaymode="On" locatable="true" priority="2001" scaleindependent="true" scalerangemax="0" scalerangemin="0" >
				<legendquerydata feature="av_checkvis_error_point" filter="((error_checked is null) or (error_checked = 0)) and topic like 'Planeinteilungen'"/>
				<uniquevalue title="Warnung" fieldvalue="warning" include="true">
					<legendpointstyle customstyle="av_checkvis_warn_pt" stylelib="$(geonis_media)\av_checkvis\styles\av_checkvis.style"/>
				</uniquevalue>
				<uniquevalue title="Error" fieldvalue="error" include="true">
					<legendpointstyle customstyle="av_checkvis_err_pt" stylelib="$(geonis_media)\av_checkvis\styles\av_checkvis.style"/>
				</uniquevalue>
			</uniquevaluelegendentry>
			<uniquevaluelegendentry title="TSEinteilung" name="TSEinteilung_pt" attributefield="category" collapsed="true" displaymode="On" locatable="true" priority="2001" scaleindependent="true" scalerangemax="0" scalerangemin="0" >
				<legendquerydata feature="av_checkvis_error_point" filter="((error_checked is null) or (error_checked = 0)) and topic like 'TSEinteilung'"/>
				<uniquevalue title="Warnung" fieldvalue="warning" include="true">
					<legendpointstyle customstyle="av_checkvis_warn_pt" stylelib="$(geonis_media)\av_checkvis\styles\av_checkvis.style"/>
				</uniquevalue>
				<uniquevalue title="Error" fieldvalue="error" include="true">
					<legendpointstyle customstyle="av_checkvis_err_pt" stylelib="$(geonis_media)\av_checkvis\styles\av_checkvis.style"/>
				</uniquevalue>
			</uniquevaluelegendentry>
			<uniquevaluelegendentry title="Rutschgebiete" name="Rutschgebiete_pt" attributefield="category" collapsed="true" displaymode="On" locatable="true" priority="2001" scaleindependent="true" scalerangemax="0" scalerangemin="0" >
				<legendquerydata feature="av_checkvis_error_point" filter="((error_checked is null) or (error_checked = 0)) and topic like 'Rutschgebiete'"/>
				<uniquevalue title="Warnung" fieldvalue="warning" include="true">
					<legendpointstyle customstyle="av_checkvis_err_pt" stylelib="$(geonis_media)\av_checkvis\styles\av_checkvis.style"/>
				</uniquevalue>
				<uniquevalue title="Error" fieldvalue="error" include="true">
					<legendpointstyle customstyle="av_checkvis_err_pt" stylelib="$(geonis_media)\av_checkvis\styles\av_checkvis.style"/>
				</uniquevalue>
			</uniquevaluelegendentry>
			<uniquevaluelegendentry title="PLZOrtschaft" name="PLZOrtschaft_pt" attributefield="category" collapsed="true" displaymode="On" locatable="true" priority="2001" scaleindependent="true" scalerangemax="0" scalerangemin="0" >
				<legendquerydata feature="av_checkvis_error_point" filter="((error_checked is null) or (error_checked = 0)) and topic like 'PLZOrtschaft'"/>
				<uniquevalue title="Warnung" fieldvalue="warning" include="true">
					<legendpointstyle customstyle="av_checkvis_warn_pt" stylelib="$(geonis_media)\av_checkvis\styles\av_checkvis.style"/>
				</uniquevalue>
				<uniquevalue title="Error" fieldvalue="error" include="true">
					<legendpointstyle customstyle="av_checkvis_err_pt" stylelib="$(geonis_media)\av_checkvis\styles\av_checkvis.style"/>
				</uniquevalue>
			</uniquevaluelegendentry>
			<uniquevaluelegendentry title="Gebaeudeadressen" name="Gebaeudeadressen_pt" attributefield="category" collapsed="true" displaymode="On" locatable="true" priority="2001" scaleindependent="true" scalerangemax="0" scalerangemin="0" >
				<legendquerydata feature="av_checkvis_error_point" filter="((error_checked is null) or (error_checked = 0)) and topic like 'Gebaeudeadressen'"/>
				<uniquevalue title="Warnung" fieldvalue="warning" include="true">
					<legendpointstyle customstyle="av_checkvis_warn_pt" stylelib="$(geonis_media)\av_checkvis\styles\av_checkvis.style"/>
				</uniquevalue>
				<uniquevalue title="Error" fieldvalue="error" include="true">
					<legendpointstyle customstyle="av_checkvis_err_pt" stylelib="$(geonis_media)\av_checkvis\styles\av_checkvis.style"/>
				</uniquevalue>
			</uniquevaluelegendentry>
			<uniquevaluelegendentry title="Planrahmen" name="Planrahmen_pt" attributefield="category" collapsed="true" displaymode="On" locatable="true" priority="2001" scaleindependent="true" scalerangemax="0" scalerangemin="0" >
				<legendquerydata feature="av_checkvis_error_point" filter="((error_checked is null) or (error_checked = 0)) and topic like 'Planrahmen'"/>
				<uniquevalue title="Warnung" fieldvalue="warning" include="true">
					<legendpointstyle customstyle="av_checkvis_warn_pt" stylelib="$(geonis_media)\av_checkvis\styles\av_checkvis.style"/>
				</uniquevalue>
				<uniquevalue title="Error" fieldvalue="error" include="true">
					<legendpointstyle customstyle="av_checkvis_err_pt" stylelib="$(geonis_media)\av_checkvis\styles\av_checkvis.style"/>
				</uniquevalue>
			</uniquevaluelegendentry>
		</legendgroup>
		
		<legendgroup title="av_checkvis_error_polyline" name="av_checkvis_error_polyline" collapsed="true" visible="true">
			<uniquevaluelegendentry title="FixpunkteKategorie1" name="FixpunkteKategorie1_line" attributefield="category" collapsed="true" displaymode="On" locatable="true" priority="2001" scaleindependent="true" scalerangemax="0" scalerangemin="0"  >
				<legendquerydata feature="av_checkvis_error_polyline" filter="((error_checked is null) or (error_checked = 0)) and topic like 'FixpunkteKategorie1'"/>
				<uniquevalue title="Warnung" fieldvalue="warning" include="true">
					<legendlinearstyle customstyle="av_checkvis_warn_line" stylelib="$(geonis_media)\av_checkvis\styles\av_checkvis.style"/>
				</uniquevalue>
				<uniquevalue title="Error" fieldvalue="error" include="true">
					<legendlinearstyle customstyle="av_checkvis_err_line" stylelib="$(geonis_media)\av_checkvis\styles\av_checkvis.style"/>
				</uniquevalue>
			</uniquevaluelegendentry>
			<uniquevaluelegendentry title="FixpunkteKategorie2" name="FixpunkteKategorie2_line" attributefield="category" collapsed="true" displaymode="On" locatable="true" priority="2001" scaleindependent="true" scalerangemax="0" scalerangemin="0" >
				<legendquerydata feature="av_checkvis_error_polyline" filter="((error_checked is null) or (error_checked = 0)) and topic like 'FixpunkteKategorie2'"/>
				<uniquevalue title="Warnung" fieldvalue="warning" include="true">
					<legendlinearstyle customstyle="av_checkvis_warn_line" stylelib="$(geonis_media)\av_checkvis\styles\av_checkvis.style"/>
				</uniquevalue>
				<uniquevalue title="Error" fieldvalue="error" include="true">
					<legendlinearstyle customstyle="av_checkvis_err_line" stylelib="$(geonis_media)\av_checkvis\styles\av_checkvis.style"/>
				</uniquevalue>
			</uniquevaluelegendentry>
			<uniquevaluelegendentry title="FixpunkteKategorie3" name="FixpunkteKategorie3_line" attributefield="category" collapsed="true" displaymode="On" locatable="true" priority="2001" scaleindependent="true" scalerangemax="0" scalerangemin="0" >
				<legendquerydata feature="av_checkvis_error_polyline" filter="((error_checked is null) or (error_checked = 0)) and topic like 'FixpunkteKategorie3'"/>
				<uniquevalue title="Warnung" fieldvalue="warning" include="true">
					<legendlinearstyle customstyle="av_checkvis_warn_line" stylelib="$(geonis_media)\av_checkvis\styles\av_checkvis.style"/>
				</uniquevalue>
				<uniquevalue title="Error" fieldvalue="error" include="true">
					<legendlinearstyle customstyle="av_checkvis_err_line" stylelib="$(geonis_media)\av_checkvis\styles\av_checkvis.style"/>
				</uniquevalue>
			</uniquevaluelegendentry>
			<uniquevaluelegendentry title="Bodenbedeckung" name="Bodenbedeckung_line" attributefield="category" collapsed="true" displaymode="On" locatable="true" priority="2001" scaleindependent="true" scalerangemax="0" scalerangemin="0" >
				<legendquerydata feature="av_checkvis_error_polyline" filter="((error_checked is null) or (error_checked = 0)) and topic like 'Bodenbedeckung'"/>
				<uniquevalue title="Warnung" fieldvalue="warning" include="true">
					<legendlinearstyle customstyle="av_checkvis_warn_line" stylelib="$(geonis_media)\av_checkvis\styles\av_checkvis.style"/>
				</uniquevalue>
				<uniquevalue title="Error" fieldvalue="error" include="true">
					<legendlinearstyle customstyle="av_checkvis_err_line" stylelib="$(geonis_media)\av_checkvis\styles\av_checkvis.style"/>
				</uniquevalue>
			</uniquevaluelegendentry>
			<uniquevaluelegendentry title="Einzelobjekte" name="Einzelobjekte_line" attributefield="category" collapsed="true" displaymode="On" locatable="true" priority="2001" scaleindependent="true" scalerangemax="0" scalerangemin="0" >
				<legendquerydata feature="av_checkvis_error_polyline" filter="((error_checked is null) or (error_checked = 0)) and topic like 'Einzelobjekte'"/>
				<uniquevalue title="Warnung" fieldvalue="warning" include="true">
					<legendlinearstyle customstyle="av_checkvis_warn_line" stylelib="$(geonis_media)\av_checkvis\styles\av_checkvis.style"/>
				</uniquevalue>
				<uniquevalue title="Error" fieldvalue="error" include="true">
					<legendlinearstyle customstyle="av_checkvis_err_line" stylelib="$(geonis_media)\av_checkvis\styles\av_checkvis.style"/>
				</uniquevalue>
			</uniquevaluelegendentry>
			<uniquevaluelegendentry title="Hoehen" name="Hoehen_line" attributefield="category" collapsed="true" displaymode="On" locatable="true" priority="2001" scaleindependent="true" scalerangemax="0" scalerangemin="0" >
				<legendquerydata feature="av_checkvis_error_polyline" filter="((error_checked is null) or (error_checked = 0)) and topic like 'Hoehen'"/>
				<uniquevalue title="Warnung" fieldvalue="warning" include="true">
					<legendlinearstyle customstyle="av_checkvis_warn_line" stylelib="$(geonis_media)\av_checkvis\styles\av_checkvis.style"/>
				</uniquevalue>
				<uniquevalue title="Error" fieldvalue="error" include="true">
					<legendlinearstyle customstyle="av_checkvis_err_line" stylelib="$(geonis_media)\av_checkvis\styles\av_checkvis.style"/>
				</uniquevalue>
			</uniquevaluelegendentry>
			<uniquevaluelegendentry title="Nomenklatur" name="Nomenklatur_line" attributefield="category" collapsed="true" displaymode="On" locatable="true" priority="2001" scaleindependent="true" scalerangemax="0" scalerangemin="0" >
				<legendquerydata feature="av_checkvis_error_polyline" filter="((error_checked is null) or (error_checked = 0)) and topic like 'Nomenklatur'"/>
				<uniquevalue title="Warnung" fieldvalue="warning" include="true">
					<legendlinearstyle customstyle="av_checkvis_warn_line" stylelib="$(geonis_media)\av_checkvis\styles\av_checkvis.style"/>
				</uniquevalue>
				<uniquevalue title="Error" fieldvalue="error" include="true">
					<legendlinearstyle customstyle="av_checkvis_err_line" stylelib="$(geonis_media)\av_checkvis\styles\av_checkvis.style"/>
				</uniquevalue>
			</uniquevaluelegendentry>
			<uniquevaluelegendentry title="Liegenschaften" name="Liegenschaften_line" attributefield="category" collapsed="true" displaymode="On" locatable="true" priority="2001" scaleindependent="true" scalerangemax="0" scalerangemin="0" >
				<legendquerydata feature="av_checkvis_error_polyline" filter="((error_checked is null) or (error_checked = 0)) and topic like 'Liegenschaften'"/>
				<uniquevalue title="Warnung" fieldvalue="warning" include="true">
					<legendlinearstyle customstyle="av_checkvis_warn_line" stylelib="$(geonis_media)\av_checkvis\styles\av_checkvis.style"/>
				</uniquevalue>
				<uniquevalue title="Error" fieldvalue="error" include="true">
					<legendlinearstyle customstyle="av_checkvis_err_line" stylelib="$(geonis_media)\av_checkvis\styles\av_checkvis.style"/>
				</uniquevalue>
			</uniquevaluelegendentry>
			<uniquevaluelegendentry title="Rohrleitungen" name="Rohrleitungen_line" attributefield="category" collapsed="true" displaymode="On" locatable="true" priority="2001" scaleindependent="true" scalerangemax="0" scalerangemin="0" >
				<legendquerydata feature="av_checkvis_error_polyline" filter="((error_checked is null) or (error_checked = 0)) and topic like 'Rohrleitungen'"/>
				<uniquevalue title="Warnung" fieldvalue="warning" include="true">
					<legendlinearstyle customstyle="av_checkvis_warn_line" stylelib="$(geonis_media)\av_checkvis\styles\av_checkvis.style"/>
				</uniquevalue>
				<uniquevalue title="Error" fieldvalue="error" include="true">
					<legendlinearstyle customstyle="av_checkvis_err_line" stylelib="$(geonis_media)\av_checkvis\styles\av_checkvis.style"/>
				</uniquevalue>
			</uniquevaluelegendentry>
			<uniquevaluelegendentry title="Nummerierungsbereiche" name="Nummerierungsbereiche_line" attributefield="category" collapsed="true" displaymode="On" locatable="true" priority="2001" scaleindependent="true" scalerangemax="0" scalerangemin="0" >
				<legendquerydata feature="av_checkvis_error_polyline" filter="((error_checked is null) or (error_checked = 0)) and topic like 'Nummerierungsbereiche'"/>
				<uniquevalue title="Warnung" fieldvalue="warning" include="true">
					<legendlinearstyle customstyle="av_checkvis_warn_line" stylelib="$(geonis_media)\av_checkvis\styles\av_checkvis.style"/>
				</uniquevalue>
				<uniquevalue title="Error" fieldvalue="error" include="true">
					<legendlinearstyle customstyle="av_checkvis_err_line" stylelib="$(geonis_media)\av_checkvis\styles\av_checkvis.style"/>
				</uniquevalue>
			</uniquevaluelegendentry>
			<uniquevaluelegendentry title="Gemeindegrenzen" name="Gemeindegrenzen_line" attributefield="category" collapsed="true" displaymode="On" locatable="true" priority="2001" scaleindependent="true" scalerangemax="0" scalerangemin="0" >
				<legendquerydata feature="av_checkvis_error_polyline" filter="((error_checked is null) or (error_checked = 0)) and topic like 'Gemeindegrenzen'"/>
				<uniquevalue title="Warnung" fieldvalue="warning" include="true">
					<legendlinearstyle customstyle="av_checkvis_warn_line" stylelib="$(geonis_media)\av_checkvis\styles\av_checkvis.style"/>
				</uniquevalue>
				<uniquevalue title="Error" fieldvalue="error" include="true">
					<legendlinearstyle customstyle="av_checkvis_err_line" stylelib="$(geonis_media)\av_checkvis\styles\av_checkvis.style"/>
				</uniquevalue>
			</uniquevaluelegendentry>
			<uniquevaluelegendentry title="Bezirksgrenzen" name="Bezirksgrenzen_line" attributefield="category" collapsed="true" displaymode="On" locatable="true" priority="2001" scaleindependent="true" scalerangemax="0" scalerangemin="0" >
				<legendquerydata feature="av_checkvis_error_polyline" filter="((error_checked is null) or (error_checked = 0)) and topic like 'Bezirksgrenzen'"/>
				<uniquevalue title="Warnung" fieldvalue="warning" include="true">
					<legendlinearstyle customstyle="av_checkvis_warn_line" stylelib="$(geonis_media)\av_checkvis\styles\av_checkvis.style"/>
				</uniquevalue>
				<uniquevalue title="Error" fieldvalue="error" include="true">
					<legendlinearstyle customstyle="av_checkvis_err_line" stylelib="$(geonis_media)\av_checkvis\styles\av_checkvis.style"/>
				</uniquevalue>
			</uniquevaluelegendentry>
			<uniquevaluelegendentry title="Kantonsgrenzen" name="Kantonsgrenzen_line" attributefield="category" collapsed="true" displaymode="On" locatable="true" priority="2001" scaleindependent="true" scalerangemax="0" scalerangemin="0" >
				<legendquerydata feature="av_checkvis_error_polyline" filter="((error_checked is null) or (error_checked = 0)) and topic like 'Kantonsgrenzen'"/>
				<uniquevalue title="Warnung" fieldvalue="warning" include="true">
					<legendlinearstyle customstyle="av_checkvis_warn_line" stylelib="$(geonis_media)\av_checkvis\styles\av_checkvis.style"/>
				</uniquevalue>
				<uniquevalue title="Error" fieldvalue="error" include="true">
					<legendlinearstyle customstyle="av_checkvis_err_line" stylelib="$(geonis_media)\av_checkvis\styles\av_checkvis.style"/>
				</uniquevalue>
			</uniquevaluelegendentry>
			<uniquevaluelegendentry title="Landesgrenzen" name="Landesgrenzen_line" attributefield="category" collapsed="true" displaymode="On" locatable="true" priority="2001" scaleindependent="true" scalerangemax="0" scalerangemin="0" >
				<legendquerydata feature="av_checkvis_error_polyline" filter="((error_checked is null) or (error_checked = 0)) and topic like 'Landesgrenzen'"/>
				<uniquevalue title="Warnung" fieldvalue="warning" include="true">
					<legendlinearstyle customstyle="av_checkvis_warn_line" stylelib="$(geonis_media)\av_checkvis\styles\av_checkvis.style"/>
				</uniquevalue>
				<uniquevalue title="Error" fieldvalue="error" include="true">
					<legendlinearstyle customstyle="av_checkvis_err_line" stylelib="$(geonis_media)\av_checkvis\styles\av_checkvis.style"/>
				</uniquevalue>
			</uniquevaluelegendentry>
			<uniquevaluelegendentry title="Planeinteilungen" name="Planeinteilungen_line" attributefield="category" collapsed="true" displaymode="On" locatable="true" priority="2001" scaleindependent="true" scalerangemax="0" scalerangemin="0" >
				<legendquerydata feature="av_checkvis_error_polyline" filter="((error_checked is null) or (error_checked = 0)) and topic like 'Planeinteilungen'"/>
				<uniquevalue title="Warnung" fieldvalue="warning" include="true">
					<legendlinearstyle customstyle="av_checkvis_warn_line" stylelib="$(geonis_media)\av_checkvis\styles\av_checkvis.style"/>
				</uniquevalue>
				<uniquevalue title="Error" fieldvalue="error" include="true">
					<legendlinearstyle customstyle="av_checkvis_err_line" stylelib="$(geonis_media)\av_checkvis\styles\av_checkvis.style"/>
				</uniquevalue>
			</uniquevaluelegendentry>
			<uniquevaluelegendentry title="TSEinteilung" name="TSEinteilung_line" attributefield="category" collapsed="true" displaymode="On" locatable="true" priority="2001" scaleindependent="true" scalerangemax="0" scalerangemin="0" >
				<legendquerydata feature="av_checkvis_error_polyline" filter="((error_checked is null) or (error_checked = 0)) and topic like 'TSEinteilung'"/>
				<uniquevalue title="Warnung" fieldvalue="warning" include="true">
					<legendlinearstyle customstyle="av_checkvis_warn_line" stylelib="$(geonis_media)\av_checkvis\styles\av_checkvis.style"/>
				</uniquevalue>
				<uniquevalue title="Error" fieldvalue="error" include="true">
					<legendlinearstyle customstyle="av_checkvis_err_line" stylelib="$(geonis_media)\av_checkvis\styles\av_checkvis.style"/>
				</uniquevalue>
			</uniquevaluelegendentry>
			<uniquevaluelegendentry title="Rutschgebiete" name="Rutschgebiete_line" attributefield="category" collapsed="true" displaymode="On" locatable="true" priority="2001" scaleindependent="true" scalerangemax="0" scalerangemin="0" >
				<legendquerydata feature="av_checkvis_error_polyline" filter="((error_checked is null) or (error_checked = 0)) and topic like 'Rutschgebiete'"/>
				<uniquevalue title="Warnung" fieldvalue="warning" include="true">
					<legendlinearstyle customstyle="av_checkvis_err_line" stylelib="$(geonis_media)\av_checkvis\styles\av_checkvis.style"/>
				</uniquevalue>
				<uniquevalue title="Error" fieldvalue="error" include="true">
					<legendlinearstyle customstyle="av_checkvis_err_line" stylelib="$(geonis_media)\av_checkvis\styles\av_checkvis.style"/>
				</uniquevalue>
			</uniquevaluelegendentry>
			<uniquevaluelegendentry title="PLZOrtschaft" name="PLZOrtschaft_line" attributefield="category" collapsed="true" displaymode="On" locatable="true" priority="2001" scaleindependent="true" scalerangemax="0" scalerangemin="0" >
				<legendquerydata feature="av_checkvis_error_polyline" filter="((error_checked is null) or (error_checked = 0)) and topic like 'PLZOrtschaft'"/>
				<uniquevalue title="Warnung" fieldvalue="warning" include="true">
					<legendlinearstyle customstyle="av_checkvis_warn_line" stylelib="$(geonis_media)\av_checkvis\styles\av_checkvis.style"/>
				</uniquevalue>
				<uniquevalue title="Error" fieldvalue="error" include="true">
					<legendlinearstyle customstyle="av_checkvis_err_line" stylelib="$(geonis_media)\av_checkvis\styles\av_checkvis.style"/>
				</uniquevalue>
			</uniquevaluelegendentry>
			<uniquevaluelegendentry title="Gebaeudeadressen" name="Gebaeudeadressen_line" attributefield="category" collapsed="true" displaymode="On" locatable="true" priority="2001" scaleindependent="true" scalerangemax="0" scalerangemin="0" >
				<legendquerydata feature="av_checkvis_error_polyline" filter="((error_checked is null) or (error_checked = 0)) and topic like 'Gebaeudeadressen'"/>
				<uniquevalue title="Warnung" fieldvalue="warning" include="true">
					<legendlinearstyle customstyle="av_checkvis_warn_line" stylelib="$(geonis_media)\av_checkvis\styles\av_checkvis.style"/>
				</uniquevalue>
				<uniquevalue title="Error" fieldvalue="error" include="true">
					<legendlinearstyle customstyle="av_checkvis_err_line" stylelib="$(geonis_media)\av_checkvis\styles\av_checkvis.style"/>
				</uniquevalue>
			</uniquevaluelegendentry>
			<uniquevaluelegendentry title="Planrahmen" name="Planrahmen_line" attributefield="category" collapsed="true" displaymode="On" locatable="true" priority="2001" scaleindependent="true" scalerangemax="0" scalerangemin="0" >
				<legendquerydata feature="av_checkvis_error_polyline" filter="((error_checked is null) or (error_checked = 0)) and topic like 'Planrahmen'"/>
				<uniquevalue title="Warnung" fieldvalue="warning" include="true">
					<legendlinearstyle customstyle="av_checkvis_warn_line" stylelib="$(geonis_media)\av_checkvis\styles\av_checkvis.style"/>
				</uniquevalue>
				<uniquevalue title="Error" fieldvalue="error" include="true">
					<legendlinearstyle customstyle="av_checkvis_err_line" stylelib="$(geonis_media)\av_checkvis\styles\av_checkvis.style"/>
				</uniquevalue>
			</uniquevaluelegendentry>
		</legendgroup>
		
		<legendgroup title="av_checkvis_error_polygon" name="av_checkvis_error_polygon" collapsed="true" visible="true">
			<uniquevaluelegendentry title="FixpunkteKategorie1" name="FixpunkteKategorie1_fla" attributefield="category" collapsed="true" displaymode="On" locatable="true" priority="2001" scaleindependent="true" scalerangemax="0" scalerangemin="0"  >
				<legendquerydata feature="av_checkvis_error_polygon" filter="((error_checked is null) or (error_checked = 0)) and topic like 'FixpunkteKategorie1'"/>
				<uniquevalue title="Warnung" fieldvalue="warning" include="true">
					<legendareastyle customstyle="av_checkvis_warn_fla" stylelib="$(geonis_media)\av_checkvis\styles\av_checkvis.style"/>
				</uniquevalue>
				<uniquevalue title="Error" fieldvalue="error" include="true">
					<legendareastyle customstyle="av_checkvis_err_fla" stylelib="$(geonis_media)\av_checkvis\styles\av_checkvis.style"/>
				</uniquevalue>
			</uniquevaluelegendentry>
			<uniquevaluelegendentry title="FixpunkteKategorie2" name="FixpunkteKategorie2_fla" attributefield="category" collapsed="true" displaymode="On" locatable="true" priority="2001" scaleindependent="true" scalerangemax="0" scalerangemin="0" >
				<legendquerydata feature="av_checkvis_error_polygon" filter="((error_checked is null) or (error_checked = 0)) and topic like 'FixpunkteKategorie2'"/>
				<uniquevalue title="Warnung" fieldvalue="warning" include="true">
					<legendareastyle customstyle="av_checkvis_warn_fla" stylelib="$(geonis_media)\av_checkvis\styles\av_checkvis.style"/>
				</uniquevalue>
				<uniquevalue title="Error" fieldvalue="error" include="true">
					<legendareastyle customstyle="av_checkvis_err_fla" stylelib="$(geonis_media)\av_checkvis\styles\av_checkvis.style"/>
				</uniquevalue>
			</uniquevaluelegendentry>
			<uniquevaluelegendentry title="FixpunkteKategorie3" name="FixpunkteKategorie3_fla" attributefield="category" collapsed="true" displaymode="On" locatable="true" priority="2001" scaleindependent="true" scalerangemax="0" scalerangemin="0" >
				<legendquerydata feature="av_checkvis_error_polygon" filter="((error_checked is null) or (error_checked = 0)) and topic like 'FixpunkteKategorie3'"/>
				<uniquevalue title="Warnung" fieldvalue="warning" include="true">
					<legendareastyle customstyle="av_checkvis_warn_fla" stylelib="$(geonis_media)\av_checkvis\styles\av_checkvis.style"/>
				</uniquevalue>
				<uniquevalue title="Error" fieldvalue="error" include="true">
					<legendareastyle customstyle="av_checkvis_err_fla" stylelib="$(geonis_media)\av_checkvis\styles\av_checkvis.style"/>
				</uniquevalue>
			</uniquevaluelegendentry>
			<uniquevaluelegendentry title="Bodenbedeckung" name="Bodenbedeckung_fla" attributefield="category" collapsed="true" displaymode="On" locatable="true" priority="2001" scaleindependent="true" scalerangemax="0" scalerangemin="0" >
				<legendquerydata feature="av_checkvis_error_polygon" filter="((error_checked is null) or (error_checked = 0)) and topic like 'Bodenbedeckung'"/>
				<uniquevalue title="Warnung" fieldvalue="warning" include="true">
					<legendareastyle customstyle="av_checkvis_warn_fla" stylelib="$(geonis_media)\av_checkvis\styles\av_checkvis.style"/>
				</uniquevalue>
				<uniquevalue title="Error" fieldvalue="error" include="true">
					<legendareastyle customstyle="av_checkvis_err_fla" stylelib="$(geonis_media)\av_checkvis\styles\av_checkvis.style"/>
				</uniquevalue>
			</uniquevaluelegendentry>
			<uniquevaluelegendentry title="Einzelobjekte" name="Einzelobjekte_fla" attributefield="category" collapsed="true" displaymode="On" locatable="true" priority="2001" scaleindependent="true" scalerangemax="0" scalerangemin="0" >
				<legendquerydata feature="av_checkvis_error_polygon" filter="((error_checked is null) or (error_checked = 0)) and topic like 'Einzelobjekte'"/>
				<uniquevalue title="Warnung" fieldvalue="warning" include="true">
					<legendareastyle customstyle="av_checkvis_warn_fla" stylelib="$(geonis_media)\av_checkvis\styles\av_checkvis.style"/>
				</uniquevalue>
				<uniquevalue title="Error" fieldvalue="error" include="true">
					<legendareastyle customstyle="av_checkvis_err_fla" stylelib="$(geonis_media)\av_checkvis\styles\av_checkvis.style"/>
				</uniquevalue>
			</uniquevaluelegendentry>
			<uniquevaluelegendentry title="Hoehen" name="Hoehen_fla" attributefield="category" collapsed="true" displaymode="On" locatable="true" priority="2001" scaleindependent="true" scalerangemax="0" scalerangemin="0" >
				<legendquerydata feature="av_checkvis_error_polygon" filter="((error_checked is null) or (error_checked = 0)) and topic like 'Hoehen'"/>
				<uniquevalue title="Warnung" fieldvalue="warning" include="true">
					<legendareastyle customstyle="av_checkvis_warn_fla" stylelib="$(geonis_media)\av_checkvis\styles\av_checkvis.style"/>
				</uniquevalue>
				<uniquevalue title="Error" fieldvalue="error" include="true">
					<legendareastyle customstyle="av_checkvis_err_fla" stylelib="$(geonis_media)\av_checkvis\styles\av_checkvis.style"/>
				</uniquevalue>
			</uniquevaluelegendentry>
			<uniquevaluelegendentry title="Nomenklatur" name="Nomenklatur_fla" attributefield="category" collapsed="true" displaymode="On" locatable="true" priority="2001" scaleindependent="true" scalerangemax="0" scalerangemin="0" >
				<legendquerydata feature="av_checkvis_error_polygon" filter="((error_checked is null) or (error_checked = 0)) and topic like 'Nomenklatur'"/>
				<uniquevalue title="Warnung" fieldvalue="warning" include="true">
					<legendareastyle customstyle="av_checkvis_warn_fla" stylelib="$(geonis_media)\av_checkvis\styles\av_checkvis.style"/>
				</uniquevalue>
				<uniquevalue title="Error" fieldvalue="error" include="true">
					<legendareastyle customstyle="av_checkvis_err_fla" stylelib="$(geonis_media)\av_checkvis\styles\av_checkvis.style"/>
				</uniquevalue>
			</uniquevaluelegendentry>
			<uniquevaluelegendentry title="Liegenschaften" name="Liegenschaften_fla" attributefield="category" collapsed="true" displaymode="On" locatable="true" priority="2001" scaleindependent="true" scalerangemax="0" scalerangemin="0" >
				<legendquerydata feature="av_checkvis_error_polygon" filter="((error_checked is null) or (error_checked = 0)) and topic like 'Liegenschaften'"/>
				<uniquevalue title="Warnung" fieldvalue="warning" include="true">
					<legendareastyle customstyle="av_checkvis_warn_fla" stylelib="$(geonis_media)\av_checkvis\styles\av_checkvis.style"/>
				</uniquevalue>
				<uniquevalue title="Error" fieldvalue="error" include="true">
					<legendareastyle customstyle="av_checkvis_err_fla" stylelib="$(geonis_media)\av_checkvis\styles\av_checkvis.style"/>
				</uniquevalue>
			</uniquevaluelegendentry>
			<uniquevaluelegendentry title="Rohrleitungen" name="Rohrleitungen_fla" attributefield="category" collapsed="true" displaymode="On" locatable="true" priority="2001" scaleindependent="true" scalerangemax="0" scalerangemin="0" >
				<legendquerydata feature="av_checkvis_error_polygon" filter="((error_checked is null) or (error_checked = 0)) and topic like 'Rohrleitungen'"/>
				<uniquevalue title="Warnung" fieldvalue="warning" include="true">
					<legendareastyle customstyle="av_checkvis_warn_fla" stylelib="$(geonis_media)\av_checkvis\styles\av_checkvis.style"/>
				</uniquevalue>
				<uniquevalue title="Error" fieldvalue="error" include="true">
					<legendareastyle customstyle="av_checkvis_err_fla" stylelib="$(geonis_media)\av_checkvis\styles\av_checkvis.style"/>
				</uniquevalue>
			</uniquevaluelegendentry>
			<uniquevaluelegendentry title="Nummerierungsbereiche" name="Nummerierungsbereiche_fla" attributefield="category" collapsed="true" displaymode="On" locatable="true" priority="2001" scaleindependent="true" scalerangemax="0" scalerangemin="0" >
				<legendquerydata feature="av_checkvis_error_polygon" filter="((error_checked is null) or (error_checked = 0)) and topic like 'Nummerierungsbereiche'"/>
				<uniquevalue title="Warnung" fieldvalue="warning" include="true">
					<legendareastyle customstyle="av_checkvis_warn_fla" stylelib="$(geonis_media)\av_checkvis\styles\av_checkvis.style"/>
				</uniquevalue>
				<uniquevalue title="Error" fieldvalue="error" include="true">
					<legendareastyle customstyle="av_checkvis_err_fla" stylelib="$(geonis_media)\av_checkvis\styles\av_checkvis.style"/>
				</uniquevalue>
			</uniquevaluelegendentry>
			<uniquevaluelegendentry title="Gemeindegrenzen" name="Gemeindegrenzen_fla" attributefield="category" collapsed="true" displaymode="On" locatable="true" priority="2001" scaleindependent="true" scalerangemax="0" scalerangemin="0" >
				<legendquerydata feature="av_checkvis_error_polygon" filter="((error_checked is null) or (error_checked = 0)) and topic like 'Gemeindegrenzen'"/>
				<uniquevalue title="Warnung" fieldvalue="warning" include="true">
					<legendareastyle customstyle="av_checkvis_warn_fla" stylelib="$(geonis_media)\av_checkvis\styles\av_checkvis.style"/>
				</uniquevalue>
				<uniquevalue title="Error" fieldvalue="error" include="true">
					<legendareastyle customstyle="av_checkvis_err_fla" stylelib="$(geonis_media)\av_checkvis\styles\av_checkvis.style"/>
				</uniquevalue>
			</uniquevaluelegendentry>
			<uniquevaluelegendentry title="Bezirksgrenzen" name="Bezirksgrenzen_fla" attributefield="category" collapsed="true" displaymode="On" locatable="true" priority="2001" scaleindependent="true" scalerangemax="0" scalerangemin="0" >
				<legendquerydata feature="av_checkvis_error_polygon" filter="((error_checked is null) or (error_checked = 0)) and topic like 'Bezirksgrenzen'"/>
				<uniquevalue title="Warnung" fieldvalue="warning" include="true">
					<legendareastyle customstyle="av_checkvis_warn_fla" stylelib="$(geonis_media)\av_checkvis\styles\av_checkvis.style"/>
				</uniquevalue>
				<uniquevalue title="Error" fieldvalue="error" include="true">
					<legendareastyle customstyle="av_checkvis_err_fla" stylelib="$(geonis_media)\av_checkvis\styles\av_checkvis.style"/>
				</uniquevalue>
			</uniquevaluelegendentry>
			<uniquevaluelegendentry title="Kantonsgrenzen" name="Kantonsgrenzen_fla" attributefield="category" collapsed="true" displaymode="On" locatable="true" priority="2001" scaleindependent="true" scalerangemax="0" scalerangemin="0" >
				<legendquerydata feature="av_checkvis_error_polygon" filter="((error_checked is null) or (error_checked = 0)) and topic like 'Kantonsgrenzen'"/>
				<uniquevalue title="Warnung" fieldvalue="warning" include="true">
					<legendareastyle customstyle="av_checkvis_warn_fla" stylelib="$(geonis_media)\av_checkvis\styles\av_checkvis.style"/>
				</uniquevalue>
				<uniquevalue title="Error" fieldvalue="error" include="true">
					<legendareastyle customstyle="av_checkvis_err_fla" stylelib="$(geonis_media)\av_checkvis\styles\av_checkvis.style"/>
				</uniquevalue>
			</uniquevaluelegendentry>
			<uniquevaluelegendentry title="Landesgrenzen" name="Landesgrenzen_fla" attributefield="category" collapsed="true" displaymode="On" locatable="true" priority="2001" scaleindependent="true" scalerangemax="0" scalerangemin="0" >
				<legendquerydata feature="av_checkvis_error_polygon" filter="((error_checked is null) or (error_checked = 0)) and topic like 'Landesgrenzen'"/>
				<uniquevalue title="Warnung" fieldvalue="warning" include="true">
					<legendareastyle customstyle="av_checkvis_warn_fla" stylelib="$(geonis_media)\av_checkvis\styles\av_checkvis.style"/>
				</uniquevalue>
				<uniquevalue title="Error" fieldvalue="error" include="true">
					<legendareastyle customstyle="av_checkvis_err_fla" stylelib="$(geonis_media)\av_checkvis\styles\av_checkvis.style"/>
				</uniquevalue>
			</uniquevaluelegendentry>
			<uniquevaluelegendentry title="Planeinteilungen" name="Planeinteilungen_fla" attributefield="category" collapsed="true" displaymode="On" locatable="true" priority="2001" scaleindependent="true" scalerangemax="0" scalerangemin="0" >
				<legendquerydata feature="av_checkvis_error_polygon" filter="((error_checked is null) or (error_checked = 0)) and topic like 'Planeinteilungen'"/>
				<uniquevalue title="Warnung" fieldvalue="warning" include="true">
					<legendareastyle customstyle="av_checkvis_warn_fla" stylelib="$(geonis_media)\av_checkvis\styles\av_checkvis.style"/>
				</uniquevalue>
				<uniquevalue title="Error" fieldvalue="error" include="true">
					<legendareastyle customstyle="av_checkvis_err_fla" stylelib="$(geonis_media)\av_checkvis\styles\av_checkvis.style"/>
				</uniquevalue>
			</uniquevaluelegendentry>
			<uniquevaluelegendentry title="TSEinteilung" name="TSEinteilung_fla" attributefield="category" collapsed="true" displaymode="On" locatable="true" priority="2001" scaleindependent="true" scalerangemax="0" scalerangemin="0" >
				<legendquerydata feature="av_checkvis_error_polygon" filter="((error_checked is null) or (error_checked = 0)) and topic like 'TSEinteilung'"/>
				<uniquevalue title="Warnung" fieldvalue="warning" include="true">
					<legendareastyle customstyle="av_checkvis_warn_fla" stylelib="$(geonis_media)\av_checkvis\styles\av_checkvis.style"/>
				</uniquevalue>
				<uniquevalue title="Error" fieldvalue="error" include="true">
					<legendareastyle customstyle="av_checkvis_err_fla" stylelib="$(geonis_media)\av_checkvis\styles\av_checkvis.style"/>
				</uniquevalue>
			</uniquevaluelegendentry>
			<uniquevaluelegendentry title="Rutschgebiete" name="Rutschgebiete_fla" attributefield="category" collapsed="true" displaymode="On" locatable="true" priority="2001" scaleindependent="true" scalerangemax="0" scalerangemin="0" >
				<legendquerydata feature="av_checkvis_error_polygon" filter="((error_checked is null) or (error_checked = 0)) and topic like 'Rutschgebiete'"/>
				<uniquevalue title="Warnung" fieldvalue="warning" include="true">
					<legendareastyle customstyle="av_checkvis_err_fla" stylelib="$(geonis_media)\av_checkvis\styles\av_checkvis.style"/>
				</uniquevalue>
				<uniquevalue title="Error" fieldvalue="error" include="true">
					<legendareastyle customstyle="av_checkvis_err_fla" stylelib="$(geonis_media)\av_checkvis\styles\av_checkvis.style"/>
				</uniquevalue>
			</uniquevaluelegendentry>
			<uniquevaluelegendentry title="PLZOrtschaft" name="PLZOrtschaft_fla" attributefield="category" collapsed="true" displaymode="On" locatable="true" priority="2001" scaleindependent="true" scalerangemax="0" scalerangemin="0" >
				<legendquerydata feature="av_checkvis_error_polygon" filter="((error_checked is null) or (error_checked = 0)) and topic like 'PLZOrtschaft'"/>
				<uniquevalue title="Warnung" fieldvalue="warning" include="true">
					<legendareastyle customstyle="av_checkvis_warn_fla" stylelib="$(geonis_media)\av_checkvis\styles\av_checkvis.style"/>
				</uniquevalue>
				<uniquevalue title="Error" fieldvalue="error" include="true">
					<legendareastyle customstyle="av_checkvis_err_fla" stylelib="$(geonis_media)\av_checkvis\styles\av_checkvis.style"/>
				</uniquevalue>
			</uniquevaluelegendentry>
			<uniquevaluelegendentry title="Gebaeudeadressen" name="Gebaeudeadressen_fla" attributefield="category" collapsed="true" displaymode="On" locatable="true" priority="2001" scaleindependent="true" scalerangemax="0" scalerangemin="0" >
				<legendquerydata feature="av_checkvis_error_polygon" filter="((error_checked is null) or (error_checked = 0)) and topic like 'Gebaeudeadressen'"/>
				<uniquevalue title="Warnung" fieldvalue="warning" include="true">
					<legendareastyle customstyle="av_checkvis_warn_fla" stylelib="$(geonis_media)\av_checkvis\styles\av_checkvis.style"/>
				</uniquevalue>
				<uniquevalue title="Error" fieldvalue="error" include="true">
					<legendareastyle customstyle="av_checkvis_err_fla" stylelib="$(geonis_media)\av_checkvis\styles\av_checkvis.style"/>
				</uniquevalue>
			</uniquevaluelegendentry>
			<uniquevaluelegendentry title="Planrahmen" name="Planrahmen_fla" attributefield="category" collapsed="true" displaymode="On" locatable="true" priority="2001" scaleindependent="true" scalerangemax="0" scalerangemin="0" >
				<legendquerydata feature="av_checkvis_error_polygon" filter="((error_checked is null) or (error_checked = 0)) and topic like 'Planrahmen'"/>
				<uniquevalue title="Warnung" fieldvalue="warning" include="true">
					<legendareastyle customstyle="av_checkvis_warn_fla" stylelib="$(geonis_media)\av_checkvis\styles\av_checkvis.style"/>
				</uniquevalue>
				<uniquevalue title="Error" fieldvalue="error" include="true">
					<legendareastyle customstyle="av_checkvis_err_fla" stylelib="$(geonis_media)\av_checkvis\styles\av_checkvis.style"/>
				</uniquevalue>
			</uniquevaluelegendentry>
		</legendgroup>
		
		<simpletable table="av_checkvis_error_no_geom" title="Alle Informationen aus dem Error ITF ohne Geometrie"/>
		
	</legend>
</leg>
