﻿<?xml version="1.0" encoding="utf-8"?>
<geodbupdate version="2021.0" xmlns:xsi="http://www.w3.org/2001/XMLSchema-instance" xsi:noNamespaceSchemaLocation="..\..\..\xsd_2021\updatemodul.xsd">
	<updateset modeldate="30.09.2021">
		<comment text="" />
		<comment text="FeatureDataset LV95 (CH1903+)" />
		<comment text="=======================================================================" />
		<comment text="" />
		<dataset_create datasetname="av_checkvis">
			<highprecision_spatialreference spatialRefID="2056" xytolerance="0.0004" ztolerance="0.0004" mtolerance="0.0004" xyresolution="0.00005" zresolution="0.00005" mresolution="0.00005" />
		</dataset_create>
		<comment text=" " />
		<comment text="Featureklassen av_checkvis" />
		<comment text="=======================================================================" />
		<comment text=" " />
		<table_create tablename="AV_CHECKVIS_ERROR_POINT" oidcolumn="OBJECTID" globalidcolumn="GlobalId">
			<geometry_def geomtype="point" gridsize="200" />
			<dataset datasetname="av_checkvis" />
			<column colname="XTF_ID" coltype="char" collen="200" />
			<column colname="TOPIC" coltype="char" collen="40" />
			<column colname="SRC_TABLE" coltype="char" collen="60" />
			<column colname="OBJID" coltype="char" collen="64" />
			<column colname="ERRORID" coltype="char" collen="64" />
			<column colname="CATEGORY" coltype="char" collen="20" />
			<column colname="DESCRIPTION" coltype="char" collen="255" />
			<column colname="DESCRIPTION2" coltype="char" collen="255" />
			<column colname="LINE" coltype="longint" />
			<column colname="NUMBER" coltype="char" collen="20" />
			<column colname="TOLERATED" coltype="char" collen="255" />
			<column colname="ERROR_CHECKED" coltype="smallint" defaultvalue="0" />
		</table_create>
		<table_create tablename="AV_CHECKVIS_ERROR_POLYGON" oidcolumn="OBJECTID" globalidcolumn="GlobalId">
			<geometry_def geomtype="area" gridsize="500" />
			<dataset datasetname="av_checkvis" />
			<column colname="XTF_ID" coltype="char" collen="200" />
			<column colname="TOPIC" coltype="char" collen="40" />
			<column colname="SRC_TABLE" coltype="char" collen="60" />
			<column colname="OBJID" coltype="char" collen="64" />
			<column colname="ERRORID" coltype="char" collen="64" />
			<column colname="CATEGORY" coltype="char" collen="20" />
			<column colname="DESCRIPTION" coltype="char" collen="255" />
			<column colname="DESCRIPTION2" coltype="char" collen="255" />
			<column colname="LINE" coltype="longint" />
			<column colname="NUMBER" coltype="char" collen="20" />
			<column colname="TOLERATED" coltype="char" collen="255" />
			<column colname="ERROR_CHECKED" coltype="smallint" defaultvalue="0" />
		</table_create>
		<table_create tablename="AV_CHECKVIS_ERROR_POLYLINE" oidcolumn="OBJECTID" globalidcolumn="GlobalId">
			<geometry_def geomtype="line" gridsize="500" />
			<dataset datasetname="av_checkvis"/>
			<column colname="XTF_ID" coltype="char" collen="200" />
			<column colname="TOPIC" coltype="char" collen="40" />
			<column colname="SRC_TABLE" coltype="char" collen="60" />
			<column colname="OBJID" coltype="char" collen="64" />
			<column colname="ERRORID" coltype="char" collen="64" />
			<column colname="CATEGORY" coltype="char" collen="20" />
			<column colname="DESCRIPTION" coltype="char" collen="255" />
			<column colname="DESCRIPTION2" coltype="char" collen="255" />
			<column colname="LINE" coltype="longint" />
			<column colname="NUMBER" coltype="char" collen="20" />
			<column colname="TOLERATED" coltype="char" collen="255" />
			<column colname="ERROR_CHECKED" coltype="smallint" defaultvalue="0" />
		</table_create>
		<comment text=" " />
		<comment text="Haupttabelle" />
		<comment text="=======================================================================" />
		<comment text=" " />
		<table_create tablename="AV_CHECKVIS_ERROR_NO_GEOM" oidcolumn="OBJECTID" globalidcolumn="GlobalId">
			<column colname="XTF_ID" coltype="char" collen="200" />
			<column colname="TOPIC" coltype="char" collen="40" />
			<column colname="SRC_TABLE" coltype="char" collen="60" />
			<column colname="OBJID" coltype="char" collen="64" />
			<column colname="ERRORID" coltype="char" collen="64" />
			<column colname="CATEGORY" coltype="char" collen="20" />
			<column colname="DESCRIPTION" coltype="char" collen="255" />
			<column colname="DESCRIPTION2" coltype="char" collen="255" />
			<column colname="LINE" coltype="longint" />
			<column colname="NUMBER" coltype="char" collen="20" />
			<column colname="TOLERATED" coltype="char" collen="255" />
			<column colname="ERROR_CHECKED" coltype="smallint" defaultvalue="0" />
		</table_create>
		<comment text=" " />
	</updateset>
</geodbupdate>
