﻿<?xml version="1.0" encoding="utf-8"?>
<dataconvert version="2021.0" xmlns:xsi="http://www.w3.org/2001/XMLSchema-instance" xsi:noNamespaceSchemaLocation="..\..\..\..\xsd_2021\dataconvert.xsd">
	<conversion title="Import AV-ERRORLOG14" name="errorlog14_import2" mode="import" standard_title="AV-ERRORLOG14-Import" >
		<fme_workspaces>
			<fme_workspace>$(geonis_media)\av_checkvis\dataconvert\ERRORLOG14\ERRORLOG14_import.fmw</fme_workspace>
		</fme_workspaces>
		<parameters>
			<parameter title="Interlis-Importdatei" name="Source_File" display_mode="editable">
				<file />
			</parameter>
			<parameter title="GEONIS Datasource File" name="GN_Datasource" display_mode="editable">
				<file /> 
			</parameter>
			<parameter title="ILI-Modellverzeichnis" name="ILI_Directory" display_mode="visible">
				<folder>$(geonis_media)\av_checkvis\dataconvert\INTERLIS_Models\ERRORLOG14</folder>
			</parameter>
			<parameter title="Log-Datei" name="Log_File" display_mode="editable">
				<file>$(geonis_datasources)\$(active_datasource)\ERRORLOG14\$(active_datasource)_ERRORLOG14_%Date_Now().log</file>
			</parameter>
		</parameters>
	</conversion>
</dataconvert>
