﻿<?xml version="1.0" encoding="utf-8"?>
<frm version="2021.0" xmlns:xsi="http://www.w3.org/2001/XMLSchema-instance" xsi:noNamespaceSchemaLocation="..\..\..\xsd_2021\frm.xsd">
	<table title="Error keine Geometrie" name="av_checkvis_error_no_geom" id_table="av_checkvis_error_no_geom" id_field="objectid" globalid_field="globalid" form_height="0" form_width="0" indent="0" min_zoom_radius="2.0E1" can_delete_object="false">
		<edit left="0" multi_line="false" name="xtfid_eeeng" readonly="true" table_info="av_checkvis_error_no_geom" required="false" title="xtfid" tooltip="xtfid" width="390">
			<field>xtf_id</field>
		</edit>
		<edit left="0" multi_line="false" name="topic_eeeng" readonly="true" table_info="av_checkvis_error_no_geom" required="false" title="Topic" tooltip="Topic" width="390">
			<field>topic</field>
		</edit>
		<edit left="0" multi_line="false" name="src_table_eeepg" readonly="true" table_info="av_checkvis_error_no_geom" required="false" title="Table" tooltip="Src_Table" width="390">
			<field>src_table</field>
		</edit>
		<edit left="0" multi_line="false" name="objid_eeeng" readonly="true" table_info="av_checkvis_error_no_geom" required="false" title="Objid" tooltip="Objid" width="390">
			<field>objid</field>
		</edit>
		<edit left="0" multi_line="false" name="errorid_eeeng" readonly="true" table_info="av_checkvis_error_no_geom" required="false" title="ErrorID" tooltip="ErrorID" width="390">
			<field>errorid</field>
		</edit>
		<edit left="0" multi_line="false" name="category_eeeng" readonly="true" table_info="av_checkvis_error_no_geom" required="false" title="Category" tooltip="Category" width="390">
			<field>category</field>
		</edit>
		<edit height="100" left="0" multi_line="true" name="description_eeeng" readonly="true" table_info="av_checkvis_error_no_geom" required="false" title="Description" tooltip="Description" width="390">
			<field>description</field>
		</edit>
		<edit height="100" left="0" multi_line="true" name="description2_eeeng" readonly="true" table_info="av_checkvis_error_no_geom" required="false" title="Description2" tooltip="Description2" width="390">
			<field>description2</field>
		</edit>
		<edit left="0" multi_line="false" name="line_eeeng" readonly="true" table_info="av_checkvis_error_no_geom" required="false" title="Line" tooltip="Line" width="390">
			<field>line</field>
		</edit>
		<edit left="0" multi_line="false" name="number_eeeng" readonly="true" table_info="av_checkvis_error_no_geom" required="false" title="Number" tooltip="Number" width="390">
			<field>number</field>
		</edit>
		<edit left="0" multi_line="false" name="tolerated_eeeng" readonly="true" table_info="av_checkvis_error_no_geom" required="false" title="Tolerated" tooltip="Tolerated" width="390">
			<field>tolerated</field>
		</edit>
		<space_line dividing_line="true" height="21"/>
		<checkbox width="16" title="Erledigt / Ausblenden" table_info="av_checkvis_error_no_geom" name="error_checked_eeeng" left="0">
			<field>error_checked</field>
		</checkbox>
	</table>
</frm>
